<?xml version="1.0" encoding="UTF-8" ?>
<!DOCTYPE mapper PUBLIC "-//mybatis.org//DTD Mapper 3.0//EN" "http://mybatis.org/dtd/mybatis-3-mapper.dtd">

<mapper namespace="com.example.bluecat.mapper.NewsMapper">

    <!-- 结果映射 -->
    <resultMap id="NewsResultMap" type="News">
        <id property="id" column="id"/>
        <result property="title" column="title"/>
        <result property="url" column="url"/>
        <result property="publishDate" column="publish_date"/>
        <result property="createdAt" column="created_at"/>
    </resultMap>

    <!-- 基础字段 -->
    <sql id="Base_Column_List">
        id, title, url, publish_date, created_at
    </sql>

    <!-- 获取最新的新闻列表 -->
    <select id="findLatestNews" resultMap="NewsResultMap">
        SELECT 
        <include refid="Base_Column_List"/>
        FROM news 
        ORDER BY created_at DESC 
        LIMIT #{limit}
    </select>

    <!-- 插入新闻 -->
    <insert id="insert" parameterType="News" useGeneratedKeys="true" keyProperty="id">
        INSERT INTO news (
            title, url, publish_date, created_at
        ) VALUES (
            #{title}, #{url}, #{publishDate}, NOW()
        )
    </insert>

    <!-- 根据ID查找新闻 -->
    <select id="findById" resultMap="NewsResultMap">
        SELECT 
        <include refid="Base_Column_List"/>
        FROM news 
        WHERE id = #{id}
    </select>

    <!-- 根据标题查找新闻 -->
    <select id="findByTitle" resultMap="NewsResultMap">
        SELECT 
        <include refid="Base_Column_List"/>
        FROM news 
        WHERE title = #{title}
    </select>

    <!-- 删除旧新闻 -->
    <delete id="deleteOldNews">
        DELETE FROM news 
        WHERE id NOT IN (
            SELECT id FROM (
                SELECT id FROM news 
                ORDER BY created_at DESC 
                LIMIT #{keepCount}
            ) AS temp
        )
    </delete>

    <!-- 查询所有新闻 -->
    <select id="findAll" resultMap="NewsResultMap">
        SELECT 
        <include refid="Base_Column_List"/>
        FROM news 
        ORDER BY created_at DESC
    </select>

</mapper> 