<?xml version="1.0" encoding="UTF-8" ?>
<!DOCTYPE mapper PUBLIC "-//mybatis.org//DTD Mapper 3.0//EN" "http://mybatis.org/dtd/mybatis-3-mapper.dtd">

<mapper namespace="com.example.bluecat.mapper.SCL90Mapper">

    <!-- 结果映射 -->
    <resultMap id="SCL90ResultMap" type="SCL90Result">
        <id property="id" column="id"/>
        <result property="userId" column="user_id"/>
        <result property="totalScore" column="total_score"/>
        <result property="symptomLevel" column="symptom_level"/>
        <result property="dimensions" column="dimensions"/>
        <result property="suggestions" column="suggestions"/>
        <result property="createdAt" column="created_at"/>
        <result property="hasSymptoms" column="has_symptoms"/>
    </resultMap>

    <!-- 基础字段 -->
    <sql id="Base_Column_List">
        id, user_id, total_score, symptom_level, dimensions, suggestions, created_at, has_symptoms
    </sql>

    <!-- 根据用户ID查找结果 -->
    <select id="findByUserId" resultMap="SCL90ResultMap">
        SELECT 
        <include refid="Base_Column_List"/>
        FROM scl90_results 
        WHERE user_id = #{userId}
    </select>

    <!-- 插入新结果 -->
    <insert id="insert" parameterType="SCL90Result" useGeneratedKeys="true" keyProperty="id">
        INSERT INTO scl90_results (
            user_id, total_score, symptom_level, dimensions, suggestions, created_at, has_symptoms
        ) VALUES (
            #{userId}, #{totalScore}, #{symptomLevel}, #{dimensions}, #{suggestions}, NOW(), #{hasSymptoms}
        )
    </insert>

    <!-- 更新结果 -->
    <update id="updateById" parameterType="SCL90Result">
        UPDATE scl90_results 
        SET 
            total_score = #{totalScore},
            symptom_level = #{symptomLevel},
            dimensions = #{dimensions},
            suggestions = #{suggestions},
            has_symptoms = #{hasSymptoms}
        WHERE id = #{id}
    </update>

    <!-- 根据用户ID删除结果 -->
    <delete id="deleteByUserId">
        DELETE FROM scl90_results WHERE user_id = #{userId}
    </delete>

    <!-- 查询所有结果 -->
    <select id="findAll" resultMap="SCL90ResultMap">
        SELECT 
        <include refid="Base_Column_List"/>
        FROM scl90_results 
        ORDER BY created_at DESC
    </select>

</mapper> 